<?xml version="1.0" encoding="UTF-8"?>
<api context="/creditcard" name="CreditCardPaymentAPI" xmlns="http://ws.apache.org/ns/synapse">
    <resource methods="POST" uri-template="/add">
        <inSequence>
            <log description="Add Card Payment">
                <property name="message" value="Add Card Payment"/>
            </log>
            <send>
                <endpoint key="CardPaymentEP"/>
            </send>
        </inSequence>
        <outSequence>
            <send/>
        </outSequence>
        <faultSequence/>
    </resource>
</api>
