<?xml version="1.0" encoding="UTF-8"?>
<api context="/discount" name="DiscountAPI" xmlns="http://ws.apache.org/ns/synapse">
    <resource methods="GET" uri-template="/details">
        <inSequence>
            <log description="Get Discount">
                <property name="message" value="Get Discount"/>
            </log>
            <send>
                <endpoint key="DiscountCalEP"/>
            </send>
        </inSequence>
        <outSequence>
            <send/>
        </outSequence>
        <faultSequence/>
    </resource>
</api>
