<?xml version="1.0" encoding="UTF-8"?>
<api context="/dialogpay" name="MobilePaymentAPI" xmlns="http://ws.apache.org/ns/synapse">
    <resource methods="POST" uri-template="/add">
        <inSequence>
            <log description="Add Mobile Payment" level="custom">
                <property name="message" value="Add Mobile Payment"/>
            </log>
            <send>
                <endpoint key="MobilePaymentEP"/>
            </send>
        </inSequence>
        <outSequence>
            <send/>
        </outSequence>
        <faultSequence/>
    </resource>
</api>
