<?xml version="1.0" encoding="UTF-8"?>
<api context="/tickets" name="TrainTicketsAPI" xmlns="http://ws.apache.org/ns/synapse">
    <resource methods="POST" uri-template="/add">
        <inSequence>
            <log description="AddTrainTicket" level="custom">
                <property name="message" value="Add Train Ticket"/>
            </log>
            <send>
                <endpoint key="AddTrainTicketEP"/>
            </send>
        </inSequence>
        <outSequence>
            <send/>
        </outSequence>
        <faultSequence/>
    </resource>
    <resource methods="GET" uri-template="/details">
        <inSequence>
            <log description="GetAllTrainTickets">
                <property name="message" value="Get All Train Tickets"/>
            </log>
            <send>
                <endpoint key="AllTrainTicketEP"/>
            </send>
        </inSequence>
        <outSequence>
            <send/>
        </outSequence>
        <faultSequence/>
    </resource>
    <resource methods="GET" uri-template="/{ticketId}">
        <inSequence>
            <log description="GetSingleTrainTicket">
                <property name="message" value="Get Single Train Ticket"/>
            </log>
            <send>
                <endpoint key="GetSingleTrainTicketEP"/>
            </send>
        </inSequence>
        <outSequence>
            <send/>
        </outSequence>
        <faultSequence/>
    </resource>
</api>
