<?xml version="1.0" encoding="UTF-8"?>
<api context="/user" name="UserAPI" xmlns="http://ws.apache.org/ns/synapse">
    <resource methods="POST" uri-template="/add">
        <inSequence>
            <log description="AddUser" level="custom">
                <property name="message" value="Add User"/>
            </log>
            <send>
                <endpoint key="AddUserEP"/>
            </send>
        </inSequence>
        <outSequence>
            <send/>
        </outSequence>
        <faultSequence/>
    </resource>
    <resource methods="GET" uri-template="/details">
        <inSequence>
            <log description="GetAllUsers">
                <property name="message" value="Get All Users"/>
            </log>
            <send>
                <endpoint key="GetAllUserDetails"/>
            </send>
        </inSequence>
        <outSequence>
            <send/>
        </outSequence>
        <faultSequence/>
    </resource>
    <resource methods="GET" uri-template="/{email}/{password}">
        <inSequence>
            <log description="GetSingleUser">
                <property name="message" value="Get Single User"/>
            </log>
            <send>
                <endpoint key="GetUserEP"/>
            </send>
        </inSequence>
        <outSequence>
            <send/>
        </outSequence>
        <faultSequence/>
    </resource>
    <resource methods="GET" uri-template="/{email}">
        <inSequence>
            <log description="GetUserByEmail">
                <property name="message" value="Get User By Email"/>
            </log>
            <send>
                <endpoint key="GetUserByEmailEP"/>
            </send>
        </inSequence>
        <outSequence>
            <send/>
        </outSequence>
        <faultSequence/>
    </resource>
</api>
