<?xml version="1.0" encoding="UTF-8"?><artifacts>
    <artifact name="AllTrainTicketEP" groupId="com.example.ETrainBookESB.endpoint" version="1.0.0" type="synapse/endpoint" serverRole="EnterpriseServiceBus">
        <file>src/main/synapse-config/endpoints/AllTrainTicketEP.xml</file>
    </artifact>
    <artifact name="GetSingleTrainTicketEP" groupId="com.example.ETrainBookESB.endpoint" version="1.0.0" type="synapse/endpoint" serverRole="EnterpriseServiceBus">
        <file>src/main/synapse-config/endpoints/GetSingleTrainTicketEP.xml</file>
    </artifact>
    <artifact name="AddTrainTicketEP" groupId="com.example.ETrainBookESB.endpoint" version="1.0.0" type="synapse/endpoint" serverRole="EnterpriseServiceBus">
        <file>src/main/synapse-config/endpoints/AddTrainTicketEP.xml</file>
    </artifact>
    <artifact name="TrainTicketsAPI" groupId="com.example.ETrainBookESB.api" version="1.0.0" type="synapse/api" serverRole="EnterpriseServiceBus">
        <file>src/main/synapse-config/api/TrainTicketsAPI.xml</file>
    </artifact>
    <artifact name="AddUserEP" groupId="com.example.ETrainBookESB.endpoint" version="1.0.0" type="synapse/endpoint" serverRole="EnterpriseServiceBus">
        <file>src/main/synapse-config/endpoints/AddUserEP.xml</file>
    </artifact>
    <artifact name="GetAllUserDetails" groupId="com.example.ETrainBookESB.endpoint" version="1.0.0" type="synapse/endpoint" serverRole="EnterpriseServiceBus">
        <file>src/main/synapse-config/endpoints/GetAllUserDetails.xml</file>
    </artifact>
    <artifact name="GetUserByEmailEP" groupId="com.example.ETrainBookESB.endpoint" version="1.0.0" type="synapse/endpoint" serverRole="EnterpriseServiceBus">
        <file>src/main/synapse-config/endpoints/GetUserByEmailEP.xml</file>
    </artifact>
    <artifact name="GetUserEP" groupId="com.example.ETrainBookESB.endpoint" version="1.0.0" type="synapse/endpoint" serverRole="EnterpriseServiceBus">
        <file>src/main/synapse-config/endpoints/GetUserEP.xml</file>
    </artifact>
    <artifact name="UserAPI" groupId="com.example.ETrainBookESB.api" version="1.0.0" type="synapse/api" serverRole="EnterpriseServiceBus">
        <file>src/main/synapse-config/api/UserAPI.xml</file>
    </artifact>
    <artifact name="MobilePaymentEP" groupId="com.example.ETrainBookESB.endpoint" version="1.0.0" type="synapse/endpoint" serverRole="EnterpriseServiceBus">
        <file>src/main/synapse-config/endpoints/MobilePaymentEP.xml</file>
    </artifact>
    <artifact name="CardPaymentEP" groupId="com.example.ETrainBookESB.endpoint" version="1.0.0" type="synapse/endpoint" serverRole="EnterpriseServiceBus">
        <file>src/main/synapse-config/endpoints/CardPaymentEP.xml</file>
    </artifact>
    <artifact name="DiscountCalEP" groupId="com.example.ETrainBookESB.endpoint" version="1.0.0" type="synapse/endpoint" serverRole="EnterpriseServiceBus">
        <file>src/main/synapse-config/endpoints/DiscountCalEP.xml</file>
    </artifact>
    <artifact name="MobilePaymentAPI" groupId="com.example.ETrainBookESB.api" version="1.0.0" type="synapse/api" serverRole="EnterpriseServiceBus">
        <file>src/main/synapse-config/api/MobilePaymentAPI.xml</file>
    </artifact>
    <artifact name="CreditCardPaymentAPI" groupId="com.example.ETrainBookESB.api" version="1.0.0" type="synapse/api" serverRole="EnterpriseServiceBus">
        <file>src/main/synapse-config/api/CreditCardPaymentAPI.xml</file>
    </artifact>
    <artifact name="DiscountAPI" groupId="com.example.ETrainBookESB.api" version="1.0.0" type="synapse/api" serverRole="EnterpriseServiceBus">
        <file>src/main/synapse-config/api/DiscountAPI.xml</file>
    </artifact>
</artifacts>
